Algeria,Algiers,algerian,algerians,Bouteflika
Argelia,Argel,argelino,argelinos,Buteflika
Algerien,Algier,algerisch,algerier,Bouteflika
Algerije,Algiers,Algerijns,Algerijnen,Bouteflika
Algérie,Alger,algérien,algeriens,Bouteflika
Algeria,Algeri,algerino,algerini,Bouteflika
Алжир,Алжир,алжирский,алжирцы,Bouteflika
algeriet,alger,algerier,algerierna,Bouteflika
Argélia,Argel,argelino,argelinos,Bouteflika
الجزائر,الجزائر,جزائري,الجزائريين,بوتفليقة
Algeriet,Algier,algeriske,algeriere,Bouteflika
Algerie,Alger,algeriske,algeriere,Bouteflika
Algieria,Algier,algierski,Algierczycy,Bouteflika
Algeria,Algiers,Algeria,Algerians,Bouteflika
Alžeeria,Alžiir,Alžeeria,Alžeeria,Bouteflika
Algeria,Alger,algerian,Algerieni,Bouteflika
Cezayir,Cezayir,Cezayir,Cezayirliler,Buteflika
Algéria,Algír,algériai,algériaiak,Bouteflika
Algeria,Alger,algerialainen,algerialaisia,Bouteflika
Alžir,Alžir,alžirski,Alžirci,Bouteflika
Αλγερία,Αλγερίο,Αλγερινός,Αλγερινοί,Μπουτεφλίκα
Algèria,Alger,algerià,algerians,Bouteflika
Algjeri,Algjer,Algjerian,algjerianë,Bouteflika
Ալժիրի Ժողովրդավարական Դեմոկրատական ​​Հանրապետություն,Ալժիրի,ալժիրական,ալժիրցիները,Բուտեֆլիկան
Cezayir,Algiers,Algerian,Cəzairlini,Buteflika
Алжыр,Алжыр,алжырскі,алжырцаў,Bouteflika
Alžir,Algiers,alžirski,Alžirci,Bouteflika
Алжир,Алжир,алжирски,алжирци,Бутефлика
Alžírsko,Alžír,alžírský,Alžířané,Bouteflika
Algeria,ალჟირი,ალჟირის,ალჟირელებს,Bouteflika
Alsír,Algiers,Alsír,Algerians,Bouteflika
Alžīrija,Alžīra,alžīriešu,alžīrieši,Bouteflika
Alžyras,Alžyras,Alžyro,alžyriečių,Bouteflika
Алжир,Алжир,алжирски,Алжирци,Бутефлика
Алжир,Алжир,Алжирац,Алжирци,боутефлика
Alžírsko,Alžír,alžírsky,Alžírčania,Bouteflika
Alžirija,Alžir,Alžirski,Alžircev,Bouteflika
Алжир,Алжир,алжирський,алжирці,Bouteflika
