Bahrain,Manama,Bahraini,Khalifa
Bahrein,Manama,Bahrein,Califa
Bahrain,Manama,Bahrein,Khalifa
Bahrein,Manama,Bahreinse,Khalifa
Bahreïn,Manama,bahreïni,Khalifa
Bahrain,Manama,Bahrein,Khalifa
Бахрейн,Манама,Бахрейнский,халиф
Bahrain,Manama,Bahrain,Khalifa
Bahrain,Manama,Bahrein,califa
البحرين,المنامة,البحريني,خليفة
Bahrain,Manama,Bahrain,Khalifa
Bahrain,Manama,Bahraini,Khalifa
Bahrajn,Manama,Bahrajnu,Khalifa
Bahrain,Manama,Bahraini,Khalifa
Bahrain,Manama,Bahreini,Khalifa
Bahrain,Manama,Bahrein,Khalifa
Bahreyn,Manama,Bahreyn,Halife
Bahrein,Manama,bahreini,Kalifa
Bahrain,Manama,Bahrainin,Khalifa
Bahrein,Manama,bahreinski,Kalif
Μπαχρέιν,Μανάμα,Μπαχρέιν,Khalifa
Bahrain,Manama,Bahrain,califa
Bahrain,Manama,Bahraini,halif
Բահրեյն,Մանամա,Բահրեյնի,Khalifa
Bahrain,Manama,Bəhreyn,Khalifa
Бахрэйн,Манама,Бахрэйнскі,халіф
Bahrein,Manama,Bahreinski,kalif
Бахрейн,Манама,Бахрейн,халиф
Bahrain,Manama,bahrajnských,Khalifa
Bahrain,manama,Bahraini,Khalifa
Bahrain,Manama,Bahraini,Khalifa
Bahreina,Manama,Bahreinas,Khalifa
Bahreinas,Menama,Bahreino,Chalifa
Бахраин,Манама,Бахреин,Калифа
Бахреин,манама,бахрејнскиј,Халифа
Bahrain,Manama,bahrajnských,Khalifa
Bahrajn,Manama,bahrajnski,Khalifa
Бахрейн,Манама,Бахрейнський,халіф
