Djibouti,djiboutian,Guelleh
Djibouti,yibuti,Guelleh
Dschibuti,djiboutian,Guelleh
Djibouti,djiboutiaans,Guelleh
Djibouti,djiboutien,Guelleh
Gibuti,Gibuti,Guelleh
Джибути,Джибути,Guelleh
Djibouti,djiboutian,Guelleh
Djibouti,djiboutian,Guelleh
جيبوتي,جيبوتي,جيلة
Djibouti,Djiboutian,Guelleh
Djibouti,Djiboutian,Guelleh
Dżibuti,Dżibuti,Guelleh
Djibouti,djiboutian,Guelleh
Djibouti,Djibouti,Guelleh
Djibouti,Djibouti,Guelleh
Cibuti,Cibuti,Guelleh
Dzsibuti,Djiboutian,Guelleh
Djibouti,Djiboutian,Guellehin
Džibuti,džibutski,Guelleh
Τζιμπουτί,Τζιμπουτιανή,Guelleh
Djibouti,djibouti,Guelleh
Djibouti,djiboutian,Guelleh
Ջիբութի,djiboutian,Guelleh
Cibuti,Cibuti,Guelleh
Джыбуці,Джыбуці,Guelleh
djibouti,djiboutian,Guelleh
Джибути,Джибутски,Guelleh
Džibutsko,Djiboutian,Guelleh
ჯიბუტი,ჯიბუტის,Guelleh
Djibouti,Djiboutian,Guelleh
Džibutija,Džibutijas,Guelleh
Džibutis,Džibučio,Guelleh
Џибути,djiboutian,Guelleh
Џибути,Дјибоутиан,Гуеллех
Džibutsko,Djiboutian,Guelleh
Džibuti,džibutski,Guelleh
Джібуті,Джібуті,Guelleh
