Egypt,Cairo, egyptians,egyptian,Mubarak
Egipto,Cairo,egipcios,egipcio,Mubarak
Ägypten,Kairo,egyptians,ägyptisch,Mubarak
Egypte,Cairo,egyptenaren,Egyptische,Mubarak
Egypte,Caire,egyptiens,égyptien,Moubarak
Egitto,Cairo,egyptians,egiziano,Mubarak
Египет,Каир,египтяне,египтянин,Мубарак
egypten,Kairo,egyptier,egyptisk,Mubarak
Egito,Cairo,egípcios,egípcio,Mubarak
مصر,القاهرة,المصريين,مصري,مبارك
Egypten,Kairo,egypterne,egyptiske,Mubarak
Egypt,Kairo,egypterne,egyptisk,Mubarak
Egipt,Kair,Egipcjanie,Egipcjanin,Mubarak
Yr Aifft,Cairo,Eifftiaid,Aifft,Mubarak
Egiptus,Kairo,egiptlased,egiptuse,Mubarak
Egipt,Cairo,egipteni,egiptean,Mubarak
Mısır,Kahire,Mısırlılar,Mısır,Mübarek
Egyiptom,Kairó,egyiptomiak,egyiptomi,Mubarak
Egypti,Kairo,egyptiläiset,egyptiläinen,Mubarak
Egipat,Kairo,Egipćani,Egipćanin,Mubarak
Αίγυπτος,Κάιρο,Αιγύπτιοι,Αιγύπτιος,Μουμπάρακ
Egipte,el Caire,egipcis,egipci,Mubàrak
Egjipt,Kairo,egjiptianët,egjiptian,Mubarak
Եգիպտոս,Կահիրե,եգիպտացիները,եգիպտական,Մուբարաքը
Misir,Cairo,Misirlilər,Misir,Mübarək
Егіпет,Каір,егіпцяне,егіпцянін,Мубарак
Egipat,Kairo,Egipćani,Egipćanin,Mubarak
Египет,Кайро,египтяни,египетски,Мубарак
Egypt,Káhira,Egypťané,Egypťan,Mubarak
ეგვიპტეში,Cairo,ეგვიპტელები,ეგვიპტის,მუბარაქის
Egyptaland,Cairo,Egyptar,egyptian,Mubarak
Ēģipte,Kaira,ēģiptieši,ēģiptietis,Mubarak
Egiptas,Kairas,egiptiečiai,Egipto,Mubarakas
Египет,Каиро,египќаните,египетски,Мубарак
Египат,Каиро,Египћани,Египћанин,мубарак
egypt,Káhira,Egypťania,Egypťan,Mubarak
Egipt,Kairo,Egipčani,egipčanski,Mubarak
Єгипет,Каїр,єгиптяни,єгиптянин,Мубарак
Egipto,Cairo,egipcios,egipcio,Mubarak
