Iraq,Bagdad,iraqi
Irak,Bagdad,iraquí
Irak,Bagdad,irakisch
Irak,Bagdad,Iraaks
Irak,Bagdad,irakien
Iraq,baghdad,iracheno
Ирак,Багдад,иракский
irak,Bagdad,irakier
Iraque,Bagdá,iraquiano
عراق,بغداد,عراقي
Irak,Bagdad,irakiske
Irak,Bagdad,Irakiske
Irak,Bagdad,iracki
Irac,baghdad,Irac
Iraak,Bagdadi,Iraagi
Irak,Bagdad,Iraqi
Irak,Bağdat,Irak
Irak,Bagdad,iraki
Irak,Bagdad,irakilainen
Irak,Bagdad,irački
Ιράκ,Βαγδάτη,Ιρακικός
Iraq,Bagdad,iraquià
Irak,Bagdad,irakian
Իրաք,բաղդադ,Իրաքի
İraq,Bağdad,iraqi
Ірак,Багдад,іракскі
Irak,Bagdad,irački
Ирак,Багдад,иракски
Irák,Bagdád,irácký
ერაყში,ბაღდადში,ერაყის
Írak,Bagdad,Írak
Irāka,Bagdāde,Irākas
Irakas,Baghdad,Irako
Ирак,Багдад,ирачките
Ирак,Багдад,ирачки
Irak,Bagdad,Iračan
Irak,Bagdad,iraški
Ірак,Багдад,іракський
