Kuwait,kuwaiti,Sabah
Kuwait,Kuwait,Sabah
Kuwait,Kuwaiter,Sabah
Koeweit,kuwaiti,Sabah
Koweit,koweïtien,Sabah
Kuwait,kuwaiti,Sabah
Кувейт,Кувейтский,Sabah
Kuwait,kuwaiti,Sabah
Kuweit,kuwaitiano,Sabah
كويت,كويتي,صباح
Kuwait,kuwaitiske,Sabah
Kuwait,kuwaitiske,Sabah
Kuwejt,kuwejcki,Sabah
Kuwait,Kuwaiti,Sabah
Kuveit,Kuveidi,Sabah
Kuweit,kuweitian,Sabah
Kuveyt,Kuveytli,Sabah
Kuvait,kuwaiti,Sabah
Kuwait,kuwaitilainen,Sabah
Kuvajt,Kuvajtski,Sabah
Κουβέιτ,Κουβέιτ,Sabah
Kuwait,Kuwait,Sabah
Kuwait,Kuvajtit,Sabah
Քուվեյթ,Քուվեյթի,Սաբահ
Küveyt,Küveyt,Sabah
Кувейт,Кувэйцкі,Sabah
Kuvajt,Kuvajtska,sabah
Кувейт,Кувейтският,Сабах
Kuvajt,kuvajtský,Sabah
Kuwait,ქუვეითის,Sabah
Kuwait,Kuwaiti,Sabah
Kuveita,Kuveitas,Sabah
Kuveitas,Kuveito,Sabo
Кувајт,кувајтски,Сабах
Кувајт,Кувајтски,сабах
Kuvajt,kuvajtský,Sabah
Kuvajt,kuvajtski,Sabah
Кувейт,Кувейтський,Sabah
