Lebanon,lebanese,Beyrouth,Hariri
Líbano,libanés,Beirut,Hariri
Libanon,libanesisch,Beirut,Hariri
Libanon,Libanees,Beiroet,Hariri
Liban,libanais,Beyrouth,Hariri
Libano,libanese,Beirut,Hariri
Ливан,ливанский,Бейрут,Харири
libanon,lebanese,Beirut,Hariri
Líbano,libanês,Beirute,Hariri
لبنان,لبناني,بيروت,حريري
Libanon,libanesiske,Beirut,Hariri
Libanon,libanesisk,Beirut,Hariri
Liban,libański,Bejrut,Hariri
Lebanon,Libanus,Beirut,Hariri
Liibanon,Liibanoni,Beirut,Hariri
Liban,libanez,Beirut,Hariri
Lübnan,Lübnan,Beyrut,Hariri
Libanon,libanoni,Bejrút,Hariri
Libanon,libanonilainen,beirut,Hariri
Liban,libanski,Bejrut,Hariri
Λίβανος,του Λιβάνου,Βηρυτός,Χαρίρι
Líban,libanès,Beirut,Hariri
Liban,libanez,Bejrut,Hariri
Լիբանան,Լիբանանի,Բեյրութ,Հարիրին
Lebanon,livan,Beirut,Hariri
Ліван,ліванскі,Бейрут,Харыры
Liban,libanski,Bejrut,Hariri
Ливан,ливански,Бейрут,Харири
Libanon,libanonský,bejrút,Hariri
Lebanon,ლიბანის,Beirut,ჰარირის
Lebanon,Lebanese,Beirut,Hariri
Libāna,Libānas,Beirūta,Hariri
Libanas,Libano,Beirutas,Hariri
Либан,либански,Бејрут,Харири
Либан,либански,Бејрут,Харири
Libanon,libanonský,bejrút,Hariri
Libanon,Libanonski,Bejrut,Hariri
Ліван,ліванський,Бейрут,Харірі
