Morocco,Rabat,morrocan,morrocans,Mohammed
Marruecos,descuento,marroquí,marroquíes,Mohamed
Marokko,Rabatt,marokkanisch,marokkaner,Mohammed
Marokko,korting,Marokkaans,marokkanen,Mohamed
Maroc,Rabat,marocain,Marocains,Mohamed
Marocco,sconto,marocchino,marocchini,Mohamed
Марокко,скидка,марокканский,марокканцы,Mohamed
Marocko,rabatt,marockansk,moroccans,Mohamed
Marrocos,desconto,marroquino,marroquinos,Mohamed
المغرب,رابط,مغربي,المغاربة,محمد
Marokko,Rabat,moroccan,marokkanere,Mohamed
Marokko,rabatt,Marokkansk,marokkanere,Mohamed
Maroko,Rabat,Marokański,Marokańczycy,Mohamed
Moroco,disgownt,Moroco,Moroccans,Mohamed
Maroko,allahindlus,maroko,marokolased,Mohamed
Maroc,reducere,marocan,marocanilor,Mohamed
Fas,indirim,Fas,moroccans,Muhammet
Marokkó,kedvezmény,marokkói,marokkóiak,Mohamed
Marokko,alennus,marokkolainen,marokkolaiset,Mohamed
Maroko,popust,Marokanac,Marokanci,Mohamed
Μαρόκο,έκπτωση,μαροκινός,Μαροκινοί,Mohamed
Marroc,descompte,marroquina,marroquins,Mohamed
Marok,zbritje,maroken,marokenët,Mohamed
սեկ,զեղչել,Մարոկկոյի,մարոկկացի,mohamed
tumac,endirim,mərakeşli,Faslı,Mohamed
Марока,зніжка,мараканскі,мараканцы,Mohamed
Maroko,popust,marokanski,Marokanci,Mohamed
Мароко,отстъпка,марокански,мароканците,Мохамед
Maroko,sleva,maročtí,Maročané,Mohamed
Morocco,ფასდაკლება,მაროკოს,მაროკოელი,Mohamed
Marokkó,afsláttur,Moroccan,Marokkómenn,Mohamed
Maroka,atlaide,Marokas,marokāņi,Mohamed
Marokas,nuolaida,Maroko,marokiečiai,Mohamedas
Мароко,попуст,Марокански,Мароканците,Мохамед
Мароко,попуст,Мароканац,Мороццанс,мохамед
Maroko,zľava,marockí,Maročania,Mohamed
Maroko,popust,maroški,Maročani,Mohamed
Марокко,знижка,марокканський,марокканці,Mohamed
