Oman,omani,Saïd
Omán,omaní,Saïd
Oman,omanisch,Saïd
Oman,omani,Saïd
Oman,omanais,Saïd
Oman,omani,Saïd
Оман,оманский,Saïd
oman,omani,Saïd
Omã,omani,Saïd
عمان,العماني,سعيد
Oman,omani,Saïd
Oman,Omani,Saïd
Oman,omani,Said
oman,Oman,Saïd
Oman,omani,Saïd
Oman,omani,Saïd
Umman,omani,Said
oman,ománi,Saïd
Oman,omani,Saïd
Oman,Omani,Said
Ομάν,Ομάν,Σαΐντ
Oman,omanita,Saïd
Oman,Omani,Saïd
Օման,Օմանի,ասել է
oman,Oman,Saïd
Аман,аманскі,Saïd
Oman,Omanski,Saïd
Оман,Оман,Saïd
oman,Ománský,Saïd
ომანი,ომანის,განაცხადა
óman,Omani,Saïd
Omāna,Omānas,Saïd
Omanas,Omano,Saïd
оман,Омански,Саид
Оман,Оман,Саид
oman,Ománsky,Saïd
oman,Omana,Saïd
Оман,Омана,Saïd
