Saudi,Arabia,saudi,Abdullah
Arabia,Saudita,Arabia,Abdullah
Saudi,Arabien,saudi,Abdullah
Saudi,Arabië,saudi,Abdullah
saoudien,Saoudite,saoudien,Abdullah
Arabia,Arabia,Arabia,Abdullah
Саудовская,Аравия,саудовская,Абдулла
Saudi,arabien,saudi,Abdullah
Arábia,Saudita,Arábia,Abdullah
سعودي,عربية,سعودي,عبدلله
Saudi,Arabien,saudi,Abdullah
Saudi-,Arabia,saudi,Abdullah
Arabia,Saudyjska,Arabia,Abdullah
Saudi,Arabia,Saudi,Abdullah
Saudi,Araabia,saudi,Abdullah
Arabia,Arabia,arabia,Abdullah
Suudi,Arabistan,Suudi,Abdullah
Szaúd-,Arábiában,Szaúd-,Abdullah
saudi,Arabia,saudi,Abdullah
saudijski,Arabija,saudijski,Abdullah
Σαουδική,Αραβία,Σαουδική,Abdullah
Aràbia,Saudita,Aràbia,Abdullah
Saudi,Arabia,Arabia,Abdullah
Սաուդյան,arabia,Սաուդյան Արաբիայի,Աբդուլլահ
Səudiyyə,Ərəbistan,Səudiyyə,Abdullah
Саудаўская,Аравія,саудаўская,Абдула
saudi,Arabija,saudi,Abdullah
Саудитска,Арабия,Саудитска,Абдула
saúdská,arábie,saúdská,Abdullah
Saudi,Arabia,საუდის,Abdullah
Saudi,Arabia,Saudi,Abdullah
Saūda,Arābija,Saūda,Abdullah
Saudo,Arabija,Saudo,Abdullah
Саудиска,Арабија,Саудиска,Абдула
Саудијска,Арабија,Саудијска,абдуллах
saudská,arábia,saudská,Abdullah
Savdska,Arabia,Savdska,Abdullah
Саудівська,Аравія,саудівська,Абдулла
