Tunisia,Tunis,tunisian,tunisians,Ali
Túnez,Túnez,tunecino,tunisians,o
Tunesien,Tunesien,tunesisch,Tunesier,oder
Tunesië,Tunesië,Tunesische,Tunesiërs,of
Tunisie,Tunis,Tunisie,Tunisiens,ou
Tunisia,Tunisia,tunisino,tunisini,o
Тунис,Тунис,тунисский,тунисцы,или
tunisien,Tunisien,tunisisk,tunisier,eller
Tunísia,Tunísia,tunisino,tunisianos,ou
تونس,تونس,التونسية,التونسيين,علي
Tunesien,Tunesien,tunesiske,tunesere,eller
Tunisia,Tunisia,tunisiske,tunisians,eller
Tunezja,Tunezja,Tunezyjska,Tunezyjczycy,lub
Tunisia,Tunisia,Tunisiaidd,tunisians,neu
Tuneesia,Tuneesia,Tuneesia,Tuneesia,või
Tunisia,Tunisia,tunisiană,tunisienilor,sau
Tunus,Tunus,Tunus,Tunuslular,Ali
Tunézia,Tunézia,tunéziai,tunéziaiak,vagy
Tunisia,Tunisia,tunisian,tunisialaisia,tai
Tunis,Tunis,Tunižanin,Tunižani,Ali
Τυνησία,Τυνησία,Τυνησίας,Τυνήσιοι,ή
Tunísia,Tunísia,tunisià,tunisians,o
Tunizi,Tunizi,tunizian,Tunizianët,ose
Թունիս,Թունիս,Թունիսի,Թունիսում,կամ
Tunis,Tunis,Tunis,Tunisdə,və ya
Туніс,Туніс,туніскі,тунісцы,або
Tunis,Tunis,Tunižanin,Tunižani,Ali
Тунис,Тунис,тунизийски,тунизийците,или
Tunisko,Tunisko,tuniský,Tunisané,nebo
Tunisia,Tunisia,ტუნისის,ტუნისელები,ან
Túnis,Túnis,Túnis,túnisbúa,eða
Tunisija,Tunisija,tunisietis,tunisiešu,vai
Tunisas,Tunisas,Tuniso,Tunisians,arba
Тунис,Тунис,Тунис,Тунижаните,или
Тунис,Тунис,Тунижанин,Тунижани,или
Tunisko,Tunisko,tuniský,Tunisania,alebo
Tunizija,Tunis,tunizijski,Tunizijci,Ali
Туніс,Туніс,туніський,тунісці,або
