Yemen,Sanaa,yemenite,yemenites, Saleh
Yemen,Artes,yemenite,yemenitas,Saleh
Jemen,Kunst,yemenite,Jemeniten,Saleh
Jemen,Arts,van Jemen,Yemenieten,Saleh
Yémen,lettres,yéménite,Yemenites,Saleh
Yemen,Arts,yemenite,yemeniti,Saleh
Йемен,искусства,йеменский,йемениты,Салех
jemen,konst,yemenite,jemeniter,Saleh
Iémen,Artes,iemenita,iemenitas,Saleh
اليمن,سناء,يمني,اليمنيين,صالح
Yemen,Arts,yemenitiske,yemenitiske,Saleh
Jemen,Arts,jemenittiske,yemenites,Saleh
Jemen,Arts,jemenicka,yemenites,Saleh
Yemen,Celfyddydau,yemenite,yemenites,Saleh
Jeemen,Kunst,yemenite,yemenites,Saleh
Yemen,Arte,yemenit,yemenites,Saleh
Yemen,Sanat,Yemen,yemenites,Saleh
Jemen,Arts,jemeni,yemenites,Saleh
Jemen,Sanaa,Yemenite,yemenites,Saleh
Jemen,Umjetnost,jemenski,yemenites,Saleh
Γέμενη,Τεχνών,Υεμένης,yemenites,Saleh
Iemen,Arts,yemenite,iemenites,Saleh
Jemen,Arts,jemenas,yemenites,Saleh
Եմեն,arts,Եմենական,yemenites,Սալեհ
Yemen,Arts,Yəmən,yemenites,Saleh
Емен,мастацтва,еменскі,йемениты,Салех
Jemen,umjetnosti,jemenski,Jemeniti,Saleh
Йемен,изкуства,Йеменски,yemenites,Салех
Jemen,umění,Yemenite,Yemenites,Saleh
იემენის,ხელოვნება,იემენური,yemenites,Saleh
Jemen,Listir,yemenite,yemenites,Saleh
Jemena,Māksla,Jemeniešu,yemenites,Saleh
Jemenas,Menai,Jemenų,yemenites,Saleh
Јемен,уметност,yemenite,yemenites,Салех
Јемен,Уметност,јеменски,иеменитес,салех
jemen,umenie,Yemenia,Yemenites,Saleh
Jemen,Umetnost,Jesenski,yemenites,Saleh
Ємен,мистецтва,єменський,йеменіти,Салех
